title,doi,eid,scopus_id,year,cover_date,journal,issn,publisher,document_type,authors,affiliations,cited_by_count,open_access,scopus_url,discovery_source,review_status,download_status,oa_pdf_url,priority_score,candidate_rank
Achieving prominent piezoelectric response and high Curie temperature in BiFeO3-BaTiO3-based ceramics through multi-component cooperative regulation and quenching treatment,10.1016/j.mssp.2026.110559,2-s2.0-105031593649,105031593649,2026,2026-06-15,Materials Science in Semiconductor Processing,13698001,,Article,,Guilin University of Electronic Technology,0,False,https://api.elsevier.com/content/abstract/scopus_id/105031593649,scopus,PENDING,NOT_STARTED,,32,1
High piezoresponse and Curie temperature of 0.7BiFeO3-0.3BaTiO3 ceramics modified by ultralow amount of GeO2,10.1016/j.ceramint.2026.05.270,2-s2.0-105039702543,105039702543,2026,2026-07-01,Ceramics International,02728842,,Article,,Inner Mongolia University of Technology,0,False,https://api.elsevier.com/content/abstract/scopus_id/105039702543,scopus,PENDING,NOT_STARTED,,32,2
Influence of annealing temperature on ferroelectric hardening in Ti-doped BiFeO3-BaTiO3 ceramics,10.1016/j.jeurceramsoc.2026.118267,2-s2.0-105032175894,105032175894,2026,2026-08-01,Journal of the European Ceramic Society,09552219,,Article,,The University of Manchester,0,True,https://api.elsevier.com/content/abstract/scopus_id/105032175894,scopus,PENDING,NOT_STARTED,,29,3
Theory of central peak and acoustic anomaly in cubic BaTiO3 close to ferroelectric transition,10.1088/1361-648x/ae722e,2-s2.0-105042040732,105042040732,2026,2026-06-19,Journal of Physics Condensed Matter,09538984,,Article,,Kyoto University,0,True,https://api.elsevier.com/content/abstract/scopus_id/105042040732,scopus,PENDING,NOT_STARTED,,28,4
Ferroelectrically Modulated Photoresponse in a Zero-Dimensional Hybrid Perovskite [C4N2H14][BiBr5] with a High Ferroelectric Curie Temperature,10.1021/acs.inorgchem.6c01941,2-s2.0-105043385834,105043385834,2026,2026-06-29,Inorganic Chemistry,00201669,,Article,,Shanghai Institute of Technology,0,False,https://api.elsevier.com/content/abstract/scopus_id/105043385834,scopus,PENDING,NOT_STARTED,,27,5
Curie temperature difference in (Bi0.5Na0.5)TiO3–BaTiO3 ceramics between bulk and powder states,10.1016/j.ceramint.2026.04.152,2-s2.0-105037082589,105037082589,2026,2026-06-01,Ceramics International,02728842,,Article,,University of Yamanashi,1,False,https://api.elsevier.com/content/abstract/scopus_id/105037082589,scopus,PENDING,NOT_STARTED,,26,6
Enhanced Curie temperature of BaTiO3-based lead-free piezoceramics via localized compressive stress engineering,10.1016/j.jmst.2026.03.056,2-s2.0-105036286413,105036286413,2026,2026-12-20,Journal of Materials Science and Technology,10050302,,Article,,Guizhou University,0,False,https://api.elsevier.com/content/abstract/scopus_id/105036286413,scopus,PENDING,NOT_STARTED,,26,7
Multiscale regulation of BiFeO3-BaTiO3 lead-free ferroelectric ceramics for ultrahigh piezoelectric performance and temperature stability,10.1016/j.ceramint.2026.05.121,2-s2.0-105039012291,105039012291,2026,2026-07-01,Ceramics International,02728842,,Article,,Guilin University of Technology,0,False,https://api.elsevier.com/content/abstract/scopus_id/105039012291,scopus,PENDING,NOT_STARTED,,26,8
High-entropy designed filled tungsten bronze structure ferroelectrics with high Curie temperature and enhanced piezoelectricity,10.1016/j.jmat.2026.101276,2-s2.0-105044388499,105044388499,2026,2026-09-01,Journal of Materiomics,23528478,,Article,,Queen Mary University of London; East China Normal University,0,True,https://api.elsevier.com/content/abstract/scopus_id/105044388499,scopus,PENDING,NOT_STARTED,,25,9
An interpretable machine learning framework for predicting Curie temperature of lead-based piezoelectric ceramics,10.1016/j.jmat.2026.101247,2-s2.0-105040682155,105040682155,2026,2026-07-01,Journal of Materiomics,23528478,,Article,,Xi'an Jiaotong University,1,True,https://api.elsevier.com/content/abstract/scopus_id/105040682155,scopus,PENDING,NOT_STARTED,,23,10
Optimized comprehensive piezoelectric performances in lead-free BiFeO3-BaTiO3 ceramics via site-selective Sm3+ substitution,10.1016/j.jsamd.2026.101207,2-s2.0-105041096280,105041096280,2026,2026-09-01,Journal of Science Advanced Materials and Devices,24682284,,Article,,Chengdu University of Information Technology,0,True,https://api.elsevier.com/content/abstract/scopus_id/105041096280,scopus,PENDING,NOT_STARTED,,23,11
Ultra-high piezoelectric properties of BiFeO3–BaTiO3 lead-free piezoelectric ceramics enabled by a one-step sintering process,10.26599/jac.2026.9221302,2-s2.0-105044559978,105044559978,2026,2026-06-01,Journal of Advanced Ceramics,22264108,,Article,,University of Science and Technology Beijing,0,True,https://api.elsevier.com/content/abstract/scopus_id/105044559978,scopus,PENDING,NOT_STARTED,,23,12
"Polarity-Gated Anti-Thermal Luminescence in a Reentrant Luminescent Ferroelectric: (3,3-difluoropyrrolidinium)2SbCl5 with Dual Curie Points",10.1002/lpor.202502817,2-s2.0-105032265659,105032265659,2026,2026-07-22,Laser and Photonics Reviews,18638880,,Article,,Beijing University of Posts and Telecommunications,1,False,https://api.elsevier.com/content/abstract/scopus_id/105032265659,scopus,PENDING,NOT_STARTED,,22,13
Enhanced Reversibility of Antiferroelectric–Ferroelectric Transition in PbZr1−xTixO3 Through a Compatible Pathway,10.1115/1.4071731,2-s2.0-105040191884,105040191884,2026,2026-07-01,Journal of Applied Mechanics,00218936,,Article,,Hong Kong University of Science and Technology,0,True,https://api.elsevier.com/content/abstract/scopus_id/105040191884,scopus,PENDING,NOT_STARTED,,22,14
Strain-tuned ferroelectric transitions in HfO2: role of X2− mode in ferroelectric instabilities,10.1038/s41535-025-00841-9,2-s2.0-105035857209,105035857209,2026,2026-12-01,Npj Quantum Materials,,,Article,,Center for Theoretical Physics,0,True,https://api.elsevier.com/content/abstract/scopus_id/105035857209,scopus,PENDING,NOT_STARTED,,22,15
An abnormal decrease in Curie temperature in pseudohalide rare-earth double perovskite ferroelastics driven by lanthanide contraction,10.1039/d6qi00521g,2-s2.0-105038637019,105038637019,2026,2026-06-16,Inorganic Chemistry Frontiers,20521545,,Article,,Zhejiang Normal University,0,False,https://api.elsevier.com/content/abstract/scopus_id/105038637019,scopus,PENDING,NOT_STARTED,,21,16
Defect-mediated domain-wall pinning induced by trace LiF doping: Ultrahigh Curie temperature and outstanding thermal stability in Bi4Ti3O12-based piezoceramics,10.1016/j.jeurceramsoc.2026.118606,2-s2.0-105041676876,105041676876,2026,2026-12-01,Journal of the European Ceramic Society,09552219,,Article,,College of Materials Science and Engineering,0,False,https://api.elsevier.com/content/abstract/scopus_id/105041676876,scopus,PENDING,NOT_STARTED,,20,17
Enhanced Piezoelectric Response in CaBi2Nb2O9–Na0.5Bi2.5Nb2O9-Based Ceramics With High Curie Temperature,10.1111/jace.71017,2-s2.0-105045539103,105045539103,2026,2026-07-01,Journal of the American Ceramic Society,00027820,,Article,,Jingdezhen Ceramic University,0,False,https://api.elsevier.com/content/abstract/scopus_id/105045539103,scopus,PENDING,NOT_STARTED,,20,18
LeadFree Multilayer Piezoelectric Actuators Based on La-Modified BiFeO3–BaTiO3 Ceramics With Labyrinthine Nanodomains,10.1111/jace.71124,2-s2.0-105047277225,105047277225,2026,2026-08-01,Journal of the American Ceramic Society,00027820,,Article,,College of Materials Science and Engineering,0,False,https://api.elsevier.com/content/abstract/scopus_id/105047277225,scopus,PENDING,NOT_STARTED,,20,19
Microstructure and electrical properties of medium-entropy [CaxSr(1−x)/2Ba(1−x)/2]Bi4Ti4O15 piezoelectric ceramics with a high Curie temperature,10.1016/j.physb.2026.418684,2-s2.0-105036086285,105036086285,2026,2026-08-01,Physica B Condensed Matter,09214526,,Article,,Queen Mary University of London,0,False,https://api.elsevier.com/content/abstract/scopus_id/105036086285,scopus,PENDING,NOT_STARTED,,20,20
The effect of B-site Al doping on ferroelectric in BiFeO3–Ba(SnTi)O3-based lead-free ceramics,10.1007/s10854-026-18014-0,2-s2.0-105044902229,105044902229,2026,2026-07-01,Journal of Materials Science Materials in Electronics,09574522,,Article,,Guizhou University,0,False,https://api.elsevier.com/content/abstract/scopus_id/105044902229,scopus,PENDING,NOT_STARTED,,20,21
Zr doping in lead-free BiFeO3-BaTiO3 ceramics: phase structure and piezoelectric properties,10.1016/j.ceramint.2026.06.019,2-s2.0-105041100621,105041100621,2026,2026-08-01,Ceramics International,02728842,,Article,,Jingdezhen Ceramic University,0,False,https://api.elsevier.com/content/abstract/scopus_id/105041100621,scopus,PENDING,NOT_STARTED,,20,22
Discovery of a novel half metallic 2D Cr2Se3 monolayer with high Curie temperature from correlated antiferromagnetic 2D CrSe2,10.1038/s41524-026-02029-6,2-s2.0-105039305003,105039305003,2026,2026-12-01,Npj Computational Materials,,,Article,,Khalifa University,1,True,https://api.elsevier.com/content/abstract/scopus_id/105039305003,scopus,PENDING,NOT_STARTED,,19,23
A machine learning pipeline for predicting Curie temperature of magnetic topological materials,10.1016/j.nxmate.2026.102143,2-s2.0-105037856484,105037856484,2026,2026-07-01,Next Materials,,,Article,,University of Kashmir,0,True,https://api.elsevier.com/content/abstract/scopus_id/105037856484,scopus,PENDING,NOT_STARTED,,19,24
Analysis of Curie point depth characteristics based on the tectonic framework of continental China,10.1016/j.gsf.2026.102385,2-s2.0-105042559247,105042559247,2026,2026-11-01,Geoscience Frontiers,16749871,,Article,,University of Chinese Academy of Sciences,0,True,https://api.elsevier.com/content/abstract/scopus_id/105042559247,scopus,PENDING,NOT_STARTED,,19,25
Curie point depth and geothermal heat flow analysis of the northwest Ethiopian plateau,10.1186/s40517-026-00376-7,2-s2.0-105031510000,105031510000,2026,2026-12-01,Geothermal Energy,,,Article,,Debre Tabor University,0,True,https://api.elsevier.com/content/abstract/scopus_id/105031510000,scopus,PENDING,NOT_STARTED,,19,26
Ferromagnetism with Curie temperature of 500 K in laser-ablated Ga2O3 thin films,10.1016/j.matchemphys.2026.132822,2-s2.0-105042436856,105042436856,2026,2026-09-01,Materials Chemistry and Physics,02540584,,Article,,Masaryk University,0,True,https://api.elsevier.com/content/abstract/scopus_id/105042436856,scopus,PENDING,NOT_STARTED,,19,27
Free-energy model of ferroelectric transition in P(VDF-TrFE) copolymer,10.1103/lctt-68k5,2-s2.0-105042103286,105042103286,2026,2026-06-01,Physical Review E,24700045,,Article,,"Emanuel Institute of Biochemical Physics, Russian Academy of Sciences",0,False,https://api.elsevier.com/content/abstract/scopus_id/105042103286,scopus,PENDING,NOT_STARTED,,19,28
Morphotropic Phase Boundary in Graft Poly(Vinylidene Fluoride-co-Tetrafluoroethylene) With High Curie Temperature,10.1002/advs.74900,2-s2.0-105033243012,105033243012,2026,2026-06-04,Advanced Science,,,Article,,Huazhong University of Science and Technology; Guangdong HUST Industrial Technology Research Institute,0,True,https://api.elsevier.com/content/abstract/scopus_id/105033243012,scopus,PENDING,NOT_STARTED,,19,29
Programmable 2D Magnetic Clusterphenes With High Curie Temperature and Strong Magnetic Anisotropy via Cluster Assembly and Ligand Synergy,10.1002/adfm.77091,2-s2.0-105045392587,105045392587,2026,2026-08-17,Advanced Functional Materials,1616301X,,Article,,Hefei University of Technology,0,True,https://api.elsevier.com/content/abstract/scopus_id/105045392587,scopus,PENDING,NOT_STARTED,,19,30
Role of Electronic Correlations on Exchange Interactions and Curie Temperature in Monolayer CrI3,10.1021/acsomega.6c02634,2-s2.0-105041265108,105041265108,2026,2026-06-09,ACS Omega,,,Article,,Universidade Federal de Pelotas,0,True,https://api.elsevier.com/content/abstract/scopus_id/105041265108,scopus,PENDING,NOT_STARTED,,19,31
"Effect of Cu2+ doping on structural, dielectric, and multiferroic properties of Bi3+-doped BCZT lead-free ceramics",10.1016/j.jallcom.2026.190194,2-s2.0-105046424965,105046424965,2026,2026-08-15,Journal of Alloys and Compounds,09258388,,Article,,Kurukshetra University,0,False,https://api.elsevier.com/content/abstract/scopus_id/105046424965,scopus,PENDING,NOT_STARTED,,18,32
"Study on the structural, ferroelectric, and optical properties of KNN ferroelectric ceramics doped with Cu",10.1007/s10832-025-00399-9,2-s2.0-105025653064,105025653064,2026,2026-06-01,Journal of Electroceramics,13853449,,Article,,Centro de Investigacion y de Estudios Avanzados del Instituto Politécnico Nacional,1,True,https://api.elsevier.com/content/abstract/scopus_id/105025653064,scopus,PENDING,NOT_STARTED,,17,33
Comparative Analysis of Tolerance Factors for Sr2+ Modified BiFeO3–PbTiO3 Ceramics,10.1134/s1063783426600779,2-s2.0-105046341114,105046341114,2026,2026-08-01,Physics of the Solid State,10637834,,Article,,Chandigarh University,0,True,https://api.elsevier.com/content/abstract/scopus_id/105046341114,scopus,PENDING,NOT_STARTED,,17,34
Comprehensive study of Al-doped BaTiO3 ceramics: From doping optimization to electromechanical enhancement for piezoelectric applications,10.1016/j.jeurceramsoc.2026.118330,2-s2.0-105033574623,105033574623,2026,2026-09-01,Journal of the European Ceramic Society,09552219,,Article,,CERAMATHS,0,True,https://api.elsevier.com/content/abstract/scopus_id/105033574623,scopus,PENDING,NOT_STARTED,,17,35
First-Principles and Deep Potential Study of Dielectric Properties and Doping Mechanisms in BaTiO3-Based Perovskites,10.1111/jace.71086,2-s2.0-105047543192,105047543192,2026,2026-08-01,Journal of the American Ceramic Society,00027820,,Article,,Tsinghua University,0,False,https://api.elsevier.com/content/abstract/scopus_id/105047543192,scopus,PENDING,NOT_STARTED,,17,36
Landau–Lifshitz–Bloch simulations of the magnetocaloric effect in continuous ferromagnetic–paramagnetic transitions,10.1016/j.scriptamat.2026.117284,2-s2.0-105033221877,105033221877,2026,2026-06-01,Scripta Materialia,13596462,,Article,,Universidad de Valladolid,0,True,https://api.elsevier.com/content/abstract/scopus_id/105033221877,scopus,PENDING,NOT_STARTED,,17,37
Optimizing Piezoelectric and Ferroelectric Properties in BCZT Ceramics via Nd/Mn Co-Doping and Sintering Engineering,10.3390/ceramics9060062,2-s2.0-105042720240,105042720240,2026,2026-06-01,Ceramics,,,Article,,Changzhou University,0,True,https://api.elsevier.com/content/abstract/scopus_id/105042720240,scopus,PENDING,NOT_STARTED,,17,38
Realization of High-Temperature Multiferroicity in K–Bi-Based Hybrid Double Perovskites via Interaction Engineering,10.1021/acs.inorgchem.6c01860,2-s2.0-105043330652,105043330652,2026,2026-06-29,Inorganic Chemistry,00201669,,Article,,Jiangxi University of Science and Technology,0,False,https://api.elsevier.com/content/abstract/scopus_id/105043330652,scopus,PENDING,NOT_STARTED,,17,39
"Dielectric, ferroelectric and piezoelectric properties of Ho3+substituted (K0.5Na0.5) NbO3 ceramics for piezoelectric energy harvesters",10.1016/j.ceramint.2026.05.088,2-s2.0-105038741481,105038741481,2026,2026-07-01,Ceramics International,02728842,,Article,,Delhi Technological University; Netaji Subhas University of Technology,3,False,https://api.elsevier.com/content/abstract/scopus_id/105038741481,scopus,PENDING,NOT_STARTED,,16,40
"Exceptional enhancement of Curie temperature and half-metallic ferromagnetism induced by Fe doping in XHfSb (X = Rh, Ir) half-Heusler compounds",10.1016/j.cocom.2026.e01269,2-s2.0-105033060099,105033060099,2026,2026-07-01,Computational Condensed Matter,,,Article,,Université Sultan Moulay Slimane,1,False,https://api.elsevier.com/content/abstract/scopus_id/105033060099,scopus,PENDING,NOT_STARTED,,16,41
"Influence of transition-metal doping and co-doping on the electronic properties, magnetic ordering, and Curie temperature in FeVSb half-Heusler alloys",10.1016/j.micrna.2026.208716,2-s2.0-105039214493,105039214493,2026,2026-08-01,Micro and Nanostructures,27730131,,Article,,Université Sultan Moulay Slimane,1,False,https://api.elsevier.com/content/abstract/scopus_id/105039214493,scopus,PENDING,NOT_STARTED,,16,42
Curie Point Depth Distribution in the Tibetan Plateau Based on Wavelet Analysis and Bayesian Inversion of Newly Compiled Aeromagnetic Anomaly Data,10.1029/2025jb033612,2-s2.0-105047195437,105047195437,2026,2026-08-01,Journal of Geophysical Research Solid Earth,21699313,,Article,,China University of Geosciences,0,False,https://api.elsevier.com/content/abstract/scopus_id/105047195437,scopus,PENDING,NOT_STARTED,,16,43
Graphene substrate induced enhancement of magnetic anisotropy and Curie temperature in bilayer CrTe,10.1016/j.jmmm.2026.174384,2-s2.0-105043456398,105043456398,2026,2026-10-01,Journal of Magnetism and Magnetic Materials,03048853,,Article,,Bohai University,0,False,https://api.elsevier.com/content/abstract/scopus_id/105043456398,scopus,PENDING,NOT_STARTED,,16,44
High Curie temperature and piezoelectric response in 2D ferromagnetic semiconductors Fe2B2H6,10.1088/1361-6463/ae71df,2-s2.0-105041793874,105041793874,2026,2026-06-19,Journal of Physics D Applied Physics,00223727,,Article,,Yanshan University,0,False,https://api.elsevier.com/content/abstract/scopus_id/105041793874,scopus,PENDING,NOT_STARTED,,16,45
"High performance lead-free Na0.5Bi0.5Ti0.4Mn0.1O3-BaTi0.4Sn0.1O3 ceramics: Enhanced ferroelectric, dielectric, and pyroelectric properties via NaNbO3 incorporation",10.1016/j.ssc.2026.116463,2-s2.0-105039070615,105039070615,2026,2026-08-01,Solid State Communications,00381098,,Article,,Lakireddy Bali Reddy College of Engineering,0,False,https://api.elsevier.com/content/abstract/scopus_id/105039070615,scopus,PENDING,NOT_STARTED,,16,46
High-throughput screening of two-dimensional ferromagnetic materials with high Curie temperatures,10.1039/d6nr01616b,2-s2.0-105038669714,105038669714,2026,2026-06-11,Nanoscale,20403364,,Article,,University of Science and Technology of China,0,False,https://api.elsevier.com/content/abstract/scopus_id/105038669714,scopus,PENDING,NOT_STARTED,,16,47
NiVCl2 Monolayer: A Robust Topological Nodal Loop Semimetal with a High Curie Temperature,10.1021/acs.jpcc.6c01726,2-s2.0-105040992670,105040992670,2026,2026-06-04,Journal of Physical Chemistry C,19327447,,Article,,Yangzhou University,0,False,https://api.elsevier.com/content/abstract/scopus_id/105040992670,scopus,PENDING,NOT_STARTED,,16,48
Significantly improved Curie temperature in van der Waals Fe3GaTe2 by Li-ion intercalation,10.1063/5.0329939,2-s2.0-105044308817,105044308817,2026,2026-07-07,Journal of Applied Physics,00218979,,Article,,Jingdezhen Ceramic University,0,False,https://api.elsevier.com/content/abstract/scopus_id/105044308817,scopus,PENDING,NOT_STARTED,,16,49
Strain-induced high Curie temperature and perpendicular magnetic anisotropy in a 2D ferromagnetic FePd2Te2 monolayer,10.1039/d6cp02009g,2-s2.0-105044556718,105044556718,2026,2026-07-29,Physical Chemistry Chemical Physics,14639076,,Article,,Shandong University,0,False,https://api.elsevier.com/content/abstract/scopus_id/105044556718,scopus,PENDING,NOT_STARTED,,16,50
Structural asymmetry induced high Curie temperature and large out-of-plane piezoelectricity in Gd2COF MXenes and Gd2COF/MoS2 heterostructure,10.1088/1674-1056/ae815f,2-s2.0-105045699189,105045699189,2026,2026-07-01,Chinese Physics B,16741056,,Article,,Huzhou College,0,False,https://api.elsevier.com/content/abstract/scopus_id/105045699189,scopus,PENDING,NOT_STARTED,,16,51
Theoretical insight into the unique dual roles of Li doping in switching magnetic anisotropy and enhancing Curie temperature in CoCl3 monolayers,10.1039/d5cp03660g,2-s2.0-105041988586,105041988586,2026,2026-07-08,Physical Chemistry Chemical Physics,14639076,,Article,,University of Jinan,0,False,https://api.elsevier.com/content/abstract/scopus_id/105041988586,scopus,PENDING,NOT_STARTED,,16,52
Thermal Structure of the Icelandic Crust From Curie Point Depth,10.1029/2024jb030552,2-s2.0-105045934669,105045934669,2026,2026-07-01,Journal of Geophysical Research Solid Earth,21699313,,Article,,China University of Geosciences,0,False,https://api.elsevier.com/content/abstract/scopus_id/105045934669,scopus,PENDING,NOT_STARTED,,16,53
Two-dimensional pentagonal CrSSe monolayer: A fully spin-polarized semiconductor with electrically tunable Curie temperature,10.1016/j.ssc.2026.116460,2-s2.0-105038952641,105038952641,2026,2026-07-01,Solid State Communications,00381098,,Article,,Hebei Normal University,0,False,https://api.elsevier.com/content/abstract/scopus_id/105038952641,scopus,PENDING,NOT_STARTED,,16,54
Unearthing VSi2N4 in the MA2Z4 Family: A Material with High Curie Temperature and Superior Thermal Transport,10.1021/acs.jpcc.6c02642,2-s2.0-105040913201,105040913201,2026,2026-06-04,Journal of Physical Chemistry C,19327447,,Article,,Xiangtan University,0,False,https://api.elsevier.com/content/abstract/scopus_id/105040913201,scopus,PENDING,NOT_STARTED,,16,55
Chiral Dion-Jacobson Silver/Antimony-Based Double Perovskite Ferroelectrics Enable Ultralow Dose n-Type X-Ray Detection,10.1002/adfm.76174,2-s2.0-105040113925,105040113925,2026,2026-06-25,Advanced Functional Materials,1616301X,,Article,,Jiangxi University of Science and Technology; Jinling Institute of Technology,2,False,https://api.elsevier.com/content/abstract/scopus_id/105040113925,scopus,PENDING,NOT_STARTED,,15,56
Hybrid magnetic skyrmions with near-zero Hall angle and electrical switchability in a 2D multiferroic,10.1038/s41524-026-02030-z,2-s2.0-105035865349,105035865349,2026,2026-12-01,Npj Computational Materials,,,Article,,State Key Laboratory of Solidification Processing,0,True,https://api.elsevier.com/content/abstract/scopus_id/105035865349,scopus,PENDING,NOT_STARTED,,15,57
"Structural evolution, broadband dielectric relaxation, and microwave properties of (1−x)La(Mg1/2Ti1/2)O3-xBa(Ga1/2Nb1/2)O3 Complex perovskite ceramics: A preliminary composition study( x=0.2 and x=0.4)",10.1016/j.physb.2026.419075,2-s2.0-105045218955,105045218955,2026,2026-10-15,Physica B Condensed Matter,09214526,,Article,,Bose Institute,0,False,https://api.elsevier.com/content/abstract/scopus_id/105045218955,scopus,PENDING,NOT_STARTED,,15,58
Unveiling the dual bandgap structure and multiferroic coupling in KBiFe2O5: a combined experimental and first-principles investigation,10.1038/s41427-026-00655-6,2-s2.0-105043763628,105043763628,2026,2026-12-01,Npg Asia Materials,18844049,,Article,,Fujian Normal University; Fujian Provincial Engineering Technology Research Center of Solar Energy Conversion and Energy Storage,0,True,https://api.elsevier.com/content/abstract/scopus_id/105043763628,scopus,PENDING,NOT_STARTED,,15,59
Magnetic transition and magnetocaloric properties in Tm2FeAl3 compound,10.1016/j.jmmm.2026.174110,2-s2.0-105035258203,105035258203,2026,2026-06-15,Journal of Magnetism and Magnetic Materials,03048853,,Article,,Hangzhou Dianzi University,19,False,https://api.elsevier.com/content/abstract/scopus_id/105035258203,scopus,PENDING,NOT_STARTED,,14,60
Adding 161Dy-Mössbauer spectroscopy to a multitechnique investigation of magnetic transitions in a {CoIII3DyIII3} Single-Molecule Toroic,10.1038/s41467-026-71058-y,2-s2.0-105037425850,105037425850,2026,2026-12-01,Nature Communications,,,Article,,Karlsruher Institut für Technologie; Jiangxi University of Science and Technology,1,True,https://api.elsevier.com/content/abstract/scopus_id/105037425850,scopus,PENDING,NOT_STARTED,,14,61
Dielectric relaxation mechanisms and conductivity behavior around the magnetic phase transition region in the Bi4.2La0.8Fe0.5Co0.5Ti3O15 multiferroic system,10.1016/j.jpcs.2026.113677,2-s2.0-105034583001,105034583001,2026,2026-07-01,Journal of Physics and Chemistry of Solids,00223697,,Article,,Universidade Federal de Uberlândia; Universidad de La Habana,1,False,https://api.elsevier.com/content/abstract/scopus_id/105034583001,scopus,PENDING,NOT_STARTED,,14,62
Emergent Chaos-Like Dynamics of Spin–Orbit-Torque-Driven Magnetic Transitions,10.1002/smll.73778,2-s2.0-105038898457,105038898457,2026,2026-07-02,Small,16136810,,Article,,Max Born Institute,1,True,https://api.elsevier.com/content/abstract/scopus_id/105038898457,scopus,PENDING,NOT_STARTED,,14,63
Parallel alignment of electric and magnetic transition dipole moments in chiral additives can boost the oxygen evolution reaction,10.1038/s42004-026-02042-2,2-s2.0-105043491320,105043491320,2026,2026-12-01,Communications Chemistry,,,Article,,Universidade de Vigo,1,True,https://api.elsevier.com/content/abstract/scopus_id/105043491320,scopus,PENDING,NOT_STARTED,,14,64
Photovoltaic effect based on depolarization field and Schottky interface in BaTiO3 ceramics,10.1557/s43578-026-01865-y,2-s2.0-105040510288,105040510288,2026,2026-07-30,Journal of Materials Research,08842914,,Article,,Shandong University; State Key Laboratory of Crystal Materials,1,False,https://api.elsevier.com/content/abstract/scopus_id/105040510288,scopus,PENDING,NOT_STARTED,,14,65
3D-printed honeycomb-structured BaTiO3-based PTC ceramics formed by digital light processing for the thermal management of hydrogen fuel cells,10.1039/d6ta03226e,2-s2.0-105041494115,105041494115,2026,2026-07-16,Journal of Materials Chemistry A,20507488,,Article,,Huazhong University of Science and Technology,0,False,https://api.elsevier.com/content/abstract/scopus_id/105041494115,scopus,PENDING,NOT_STARTED,,14,66
"Bond-length-driven magnetic transition in quasi-one-dimensional CrSbX3 (X = S, Se)",10.1088/1361-648x/ae8636,2-s2.0-105045645718,105045645718,2026,2026-07-17,Journal of Physics Condensed Matter,09538984,,Article,,Korea University,0,True,https://api.elsevier.com/content/abstract/scopus_id/105045645718,scopus,PENDING,NOT_STARTED,,14,67
Coexistence of successive antiferromagnetic transitions and spin frustration in triangular-lattice antiferromagnet Ba3CoNb2O9 single crystal,10.1088/1361-648x/ae7887,2-s2.0-105042137321,105042137321,2026,2026-06-19,Journal of Physics Condensed Matter,09538984,,Article,,Anhui Medical University,0,True,https://api.elsevier.com/content/abstract/scopus_id/105042137321,scopus,PENDING,NOT_STARTED,,14,68
Domain engineering via AlN compositing in high-entropy ferroelectric ceramics for synergistic electro-thermal regulation,10.1039/d6ta02282k,2-s2.0-105038983174,105038983174,2026,2026-06-23,Journal of Materials Chemistry A,20507488,,Article,,Nanjing University,0,False,https://api.elsevier.com/content/abstract/scopus_id/105038983174,scopus,PENDING,NOT_STARTED,,14,69
Effect of CaTiO3 doping on energy storage performance of (1-x)BNBT-xCTi relaxor ferroelectric ceramics,10.1016/j.matlet.2026.141106,2-s2.0-105042915801,105042915801,2026,2026-10-01,Materials Letters,0167577X,,Article,,Xi'an University of Technology,0,False,https://api.elsevier.com/content/abstract/scopus_id/105042915801,scopus,PENDING,NOT_STARTED,,14,70
Engineering the magnetic transition and enhancing the magnetocaloric effect in copper-tin co-substituted strontium hexaferrites,10.1016/j.ceramint.2026.05.436,2-s2.0-105040716267,105040716267,2026,2026-07-01,Ceramics International,02728842,,Article,,Faculté des Sciences de Sfax,0,False,https://api.elsevier.com/content/abstract/scopus_id/105040716267,scopus,PENDING,NOT_STARTED,,14,71
Enhanced Temperature Stability of Bismuth-Layered Ceramics’ Piezoelectric Properties via Ferroelectric Domain Dynamics,10.1111/ijac.70265,2-s2.0-105047666666,105047666666,2026,2026-08-01,International Journal of Applied Ceramic Technology,1546542X,,Article,,Wenhua College,0,False,https://api.elsevier.com/content/abstract/scopus_id/105047666666,scopus,PENDING,NOT_STARTED,,14,72
High-Entropy Design of Perovskite Quantum Paraelectrics with Improved Dielectric Properties in GHz and THz Bands,10.1021/acsami.6c04586,2-s2.0-105043533833,105043533833,2026,2026-07-01,ACS Applied Materials and Interfaces,19448244,,Article,,Queen Mary University of London,0,True,https://api.elsevier.com/content/abstract/scopus_id/105043533833,scopus,PENDING,NOT_STARTED,,14,73
Low Temperature Complex Magnetic and Dielectric Studies on Al3+ substituted GaFeO3 Multiferroic Solid Solutions,10.1007/s10948-026-07228-2,2-s2.0-105046501337,105046501337,2026,2026-08-01,Journal of Superconductivity and Novel Magnetism,15571939,,Article,,Bangalore University,0,False,https://api.elsevier.com/content/abstract/scopus_id/105046501337,scopus,PENDING,NOT_STARTED,,14,74
Magnetic transitions and pressure effects in the Heusler compound Fe3−xMnxSi,10.1016/j.jallcom.2026.190442,2-s2.0-105047806689,105047806689,2026,2026-09-25,Journal of Alloys and Compounds,09258388,,Article,,Kagoshima University,0,True,https://api.elsevier.com/content/abstract/scopus_id/105047806689,scopus,PENDING,NOT_STARTED,,14,75
Metamagnetic transition induced low-temperature large magnetocaloric effect in Tb-doped YbFeO3 single crystals,10.1016/j.ceramint.2026.06.089,2-s2.0-105041011838,105041011838,2026,2026-08-01,Ceramics International,02728842,,Article,,Shanghai University,0,False,https://api.elsevier.com/content/abstract/scopus_id/105041011838,scopus,PENDING,NOT_STARTED,,14,76
Multiple magnetic transitions in the trilayer nickelate Pr(Formula presented) (Formula presented)Ni(Formula presented) (Formula presented)O(Formula presented) (Formula presented)revealed by muon-spin rotation,10.1088/1361-6668/ae90f7,2-s2.0-105047675971,105047675971,2026,2026-08-01,Superconductor Science and Technology,09532048,,Article,,Paul Scherrer Institut,0,True,https://api.elsevier.com/content/abstract/scopus_id/105047675971,scopus,PENDING,NOT_STARTED,,14,77
"Phase evolution and magnetic transitions in non-equiatomic Ni0.7R0.1Mn0.1Fe1.1O3+x (R = Cr, Ru, and La) high-entropy oxide nanostructures",10.1063/5.0331458,2-s2.0-105043333085,105043333085,2026,2026-06-01,APL Materials,,,Article,,Benemérita Universidad Autónoma de Puebla,0,True,https://api.elsevier.com/content/abstract/scopus_id/105043333085,scopus,PENDING,NOT_STARTED,,14,78
Engineered local polarization disorder unlocks record efficiency in antiferroelectric capacitors,10.1038/s41467-026-72274-2,2-s2.0-105042524802,105042524802,2026,2026-12-01,Nature Communications,,,Article,,"Faculty of Electronic and Information Engineering, Xi'an Jiaotong University",7,True,https://api.elsevier.com/content/abstract/scopus_id/105042524802,scopus,PENDING,NOT_STARTED,,13,79
Carbon dioxide interaction with BaTiO3(001) decorated with gold nanoparticles,10.1016/j.rsurfi.2026.100930,2-s2.0-105046967843,105046967843,2026,2026-11-01,Results in Surfaces and Interfaces,,,Article,,"Universitatea din Bucuresti; Institut de Physique des Matériaux, Bucarest-Magurele",0,True,https://api.elsevier.com/content/abstract/scopus_id/105046967843,scopus,PENDING,NOT_STARTED,,13,80
INFLUENCE OF MIXING AND THERMAL PARAMETERS ON THE STRUCTURAL HOMOGENEITY AND DIELECTRIC PERFORMANCE OF NBT CERAMICS,10.11113/jurnalteknologi.v88.24729,2-s2.0-105044518075,105044518075,2026,2026-07-01,Jurnal Teknologi,01279696,,Article,,Universiti Kebangsaan Malaysia; Universiti Kuala Lumpur,0,True,https://api.elsevier.com/content/abstract/scopus_id/105044518075,scopus,PENDING,NOT_STARTED,,13,81
Laser-driven ferroelectricity in SrTiO3 via quantum fluctuation quenching,10.1038/s41467-026-72675-3,2-s2.0-105045415096,105045415096,2026,2026-12-01,Nature Communications,,,Article,,Harvard John A. Paulson School of Engineering and Applied Sciences,0,True,https://api.elsevier.com/content/abstract/scopus_id/105045415096,scopus,PENDING,NOT_STARTED,,13,82
Nonvolatile ferroelectric switching of room-temperature bipolar magnetic semiconductors for energy-efficient spintronics,10.1038/s42005-025-02485-4,2-s2.0-105029722564,105029722564,2026,2026-12-01,Communications Physics,,,Article,,University of Chinese Academy of Sciences; National Center for Nanoscience and Technology Beijing,0,True,https://api.elsevier.com/content/abstract/scopus_id/105029722564,scopus,PENDING,NOT_STARTED,,13,83
Room-temperature ferroelectricity in NaNbO3 membrane,10.1038/s41467-026-74642-4,2-s2.0-105046523534,105046523534,2026,2026-12-01,Nature Communications,,,Article,,Wuhan University of Technology; State Key Laboratory of Advanced Technology for Materials Synthesis and Processing,0,True,https://api.elsevier.com/content/abstract/scopus_id/105046523534,scopus,PENDING,NOT_STARTED,,13,84
Thermal Conductivity Across the Nonpolar-Polar Phase Transition in Incipient Ferroelectric KTaO3,10.1002/aelm.70431,2-s2.0-105039705954,105039705954,2026,2026-06-08,Advanced Electronic Materials,,,Article,,Humboldt-Universität zu Berlin,0,True,https://api.elsevier.com/content/abstract/scopus_id/105039705954,scopus,PENDING,NOT_STARTED,,13,85
Time-Resolved Study of Polaron-Mediated Relaxation in Ferromagnetic La0.67Sr0.33MnO3/BiFeO3 Thin Films by Dual-Color Pump–Probe Spectroscopy,10.1021/acsomega.6c02859,2-s2.0-105044209720,105044209720,2026,2026-07-07,ACS Omega,,,Article,,National Yang Ming Chiao Tung University; Tatung University,0,True,https://api.elsevier.com/content/abstract/scopus_id/105044209720,scopus,PENDING,NOT_STARTED,,13,86
A-site tuning of half-metallicity and physical properties in f-electron actinide perovskites ACmO3 and A'PuO3: A spin-polarised DFT perspective for spintronics applications,10.1016/j.chphma.2026.03.009,2-s2.0-105039827617,105039827617,2026,2026-10-01,Chemphysmater,27725715,,Article,,Daffodil International University; Jahangirnagar University,0,True,https://api.elsevier.com/content/abstract/scopus_id/105039827617,scopus,PENDING,NOT_STARTED,,12,87
"A/B-site Co-doping tuned structure, morphology, room-temperature magnetocaloric effect, and critical behavior in La0.70Ln0.05Sr0.25Mn0.95Ni0.05O3 (Ln = Pr, Nd, Sm, Eu, Gd, Tb) perovskites",10.1016/j.jallcom.2026.190642,2-s2.0-105047958348,105047958348,2026,2026-09-25,Journal of Alloys and Compounds,09258388,,Article,,Guilin University of Technology,0,False,https://api.elsevier.com/content/abstract/scopus_id/105047958348,scopus,PENDING,NOT_STARTED,,12,88
Charge- and Orbital-Order Transitions in the A-Site-Ordered Quadruple Perovskite NdCuMn6O12,10.3390/inorganics14070174,2-s2.0-105045861694,105045861694,2026,2026-07-01,Inorganics,,,Article,,National Institute for Materials Science,0,True,https://api.elsevier.com/content/abstract/scopus_id/105045861694,scopus,PENDING,NOT_STARTED,,12,89
Composition-dependent magnetic anisotropy in Cu/Mn-based two-dimensional hybrid perovskite single crystals,10.1039/d6tc00615a,2-s2.0-105041250705,105041250705,2026,2026-07-30,Journal of Materials Chemistry C,20507526,,Article,,Kongju National University,0,True,https://api.elsevier.com/content/abstract/scopus_id/105041250705,scopus,PENDING,NOT_STARTED,,12,90
Distinct dielectric responses in BaTiO3–Bi0.5Na0.5TiO3–CaBi4Ti4O15 composites across different compositional regimes,10.1016/j.jeurceramsoc.2026.118384,2-s2.0-105035358448,105035358448,2026,2026-09-01,Journal of the European Ceramic Society,09552219,,Article,,Yonsei University,0,False,https://api.elsevier.com/content/abstract/scopus_id/105035358448,scopus,PENDING,NOT_STARTED,,12,91
Evolution of critical behavior and magnetocaloric effect in Eu doped La0.67Ba0.33MnO3 perovskites,10.1007/s10853-026-12829-2,2-s2.0-105038473002,105038473002,2026,2026-06-01,Journal of Materials Science,00222461,,Article,,Anhui University of Technology,0,False,https://api.elsevier.com/content/abstract/scopus_id/105038473002,scopus,PENDING,NOT_STARTED,,12,92
Genetic algorithm-based interpretation of anomalous susceptibility in correlated double perovskites,10.1016/j.nxmate.2026.102107,2-s2.0-105036235075,105036235075,2026,2026-07-01,Next Materials,,,Article,,Visva-Bharati University,0,True,https://api.elsevier.com/content/abstract/scopus_id/105036235075,scopus,PENDING,NOT_STARTED,,12,93
Magneto-elastic and magneto-electric couplings in the multiferroic triangular lattice antiferromagnet CuFeO2,10.1016/j.physb.2026.418685,2-s2.0-105036240475,105036240475,2026,2026-08-01,Physica B Condensed Matter,09214526,,Article,,Anyang Normal University,0,False,https://api.elsevier.com/content/abstract/scopus_id/105036240475,scopus,PENDING,NOT_STARTED,,12,94
Mean field magnetism and spin frustration in a double perovskite oxide with compositional complexity,10.1038/s43246-026-01135-8,2-s2.0-105039600359,105039600359,2026,2026-12-01,Communications Materials,,,Article,,Indian Institute of Science,0,True,https://api.elsevier.com/content/abstract/scopus_id/105039600359,scopus,PENDING,NOT_STARTED,,12,95
Non-volatile electrical control of perpendicular magnetic anisotropy in a CrSe2/Ga2S3 van der Waals multiferroic heterostructure,10.1016/j.physleta.2026.131615,2-s2.0-105033846333,105033846333,2026,2026-07-05,Physics Letters Section A General Atomic and Solid State Physics,03759601,,Article,,Hunan University of Science and Technology,0,False,https://api.elsevier.com/content/abstract/scopus_id/105033846333,scopus,PENDING,NOT_STARTED,,12,96
Quadrupole formation and coupling to magnetic and structural degrees of freedom in the 5d1 double perovskites Ba2MgReO6 and Ba2NaOsO6,10.1103/chtv-nvsq,2-s2.0-105047800876,105047800876,2026,2026-07-01,Physical Review Research,26431564,,Article,,ETH Zürich,0,True,https://api.elsevier.com/content/abstract/scopus_id/105047800876,scopus,PENDING,NOT_STARTED,,12,97
Strain mediated structural deformity on magnetic and dielectric features of YBaCuFeO5 – BaTiO3 composites,10.1016/j.jmmm.2026.174247,2-s2.0-105039682577,105039682577,2026,2026-09-15,Journal of Magnetism and Magnetic Materials,03048853,,Article,,National Institute of Technology Rourkela,0,False,https://api.elsevier.com/content/abstract/scopus_id/105039682577,scopus,PENDING,NOT_STARTED,,12,98
Structural distortions and electromagnetic response in single-phase Imma Bi0.84La0.16Fe1-xMnxO3 multiferroics,10.1016/j.ceramint.2026.06.067,2-s2.0-105041020856,105041020856,2026,2026-08-01,Ceramics International,02728842,,Article,,University of Danang,0,False,https://api.elsevier.com/content/abstract/scopus_id/105041020856,scopus,PENDING,NOT_STARTED,,12,99
Structure and Phase Transitions in Perovskite La0.50Sr0.50Fe0.55Ti0.45O3−δ Investigated by Mechanical Spectroscopy,10.1002/pssb.70309,2-s2.0-105047864480,105047864480,2026,2026-08-01,Physica Status Solidi B Basic Research,03701972,,Article,,Nanjing University,0,True,https://api.elsevier.com/content/abstract/scopus_id/105047864480,scopus,PENDING,NOT_STARTED,,12,100
Study of Zn substitution effects in high temperature type-II multiferroic YBaCuFeO5,10.1016/j.jallcom.2026.189486,2-s2.0-105044843201,105044843201,2026,2026-08-15,Journal of Alloys and Compounds,09258388,,Article,,UGC-DAE Consortium for Scientific Research India,0,False,https://api.elsevier.com/content/abstract/scopus_id/105044843201,scopus,PENDING,NOT_STARTED,,12,101
The effects of isoelectronic substitution of In for Ga on the magnetocaloric properties of Mn60Ga20C20 antiperovskite alloys,10.1016/j.physb.2026.419108,2-s2.0-105045251659,105045251659,2026,2026-10-15,Physica B Condensed Matter,09214526,,Article,,Southern Illinois University Carbondale,0,False,https://api.elsevier.com/content/abstract/scopus_id/105045251659,scopus,PENDING,NOT_STARTED,,12,102
Superior lead-free piezoceramics for wearable multimodal ultrasound imaging arrays,10.1038/s41467-025-66913-3,2-s2.0-105027174499,105027174499,2026,2026-12-01,Nature Communications,,,Article,,School of Physics,8,True,https://api.elsevier.com/content/abstract/scopus_id/105027174499,scopus,PENDING,NOT_STARTED,,11,103
Ultrahigh energy storage density and efficiency in AgNbO3-based ceramics by percolating interaction between antipolar regions and defect pairs,10.1038/s41467-026-68297-4,2-s2.0-105029884910,105029884910,2026,2026-12-01,Nature Communications,,,Article,,"Frontier Institute of Science and Technology, Xi'an Jiaotong University",7,True,https://api.elsevier.com/content/abstract/scopus_id/105029884910,scopus,PENDING,NOT_STARTED,,11,104
Optimizing magnetocaloric properties in rare-earth doped La0.8Sr0.2MnO3 ceramics: unveiling the synergy of lattice distortion and electronic structure,10.1016/j.cjph.2025.11.012,2-s2.0-105043486813,105043486813,2026,2026-10-01,Chinese Journal of Physics,05779073,,Article,,Southwest Petroleum University China,6,False,https://api.elsevier.com/content/abstract/scopus_id/105043486813,scopus,PENDING,NOT_STARTED,,11,105
A comprehensive investigation of metamagnetic state and multiple magnetic transitions in orthochromite HoCrO3,10.1016/j.solidstatesciences.2026.108389,2-s2.0-105040743690,105040743690,2026,2026-09-01,Solid State Sciences,12932558,,Article,,Indian Institute of Technology Guwahati,0,False,https://api.elsevier.com/content/abstract/scopus_id/105040743690,scopus,PENDING,NOT_STARTED,,11,106
A Eu-Based Zintl Compound Eu9Zn4.5As9 with Multiple Magnetic Transitions,10.1021/acs.inorgchem.6c01666,2-s2.0-105043905691,105043905691,2026,2026-07-06,Inorganic Chemistry,00201669,,Article,,Qingdao University,0,False,https://api.elsevier.com/content/abstract/scopus_id/105043905691,scopus,PENDING,NOT_STARTED,,11,107
Decorated Honeycomb Lattice and Successive Magnetic Transitions of the Delafossite Derivative K4Ni5Te3O16,10.1021/acs.chemmater.6c00997,2-s2.0-105044931490,105044931490,2026,2026-07-14,Chemistry of Materials,08974756,,Article,,College of Science and Engineering,0,False,https://api.elsevier.com/content/abstract/scopus_id/105044931490,scopus,PENDING,NOT_STARTED,,11,108
Design Analysis for Controlling Spray Particle Size of Ultrasonic Nozzles Using Piezoelectric Ceramic Vibrators,10.3390/ma19112245,2-s2.0-105041367009,105041367009,2026,2026-06-01,Materials,,,Article,,Dong-A University,0,True,https://api.elsevier.com/content/abstract/scopus_id/105041367009,scopus,PENDING,NOT_STARTED,,11,109
Electrical and magnetic transitions in FeSb2: A critical review of competing microscopic pictures,10.15302/frontphys.2026.125301,2-s2.0-105043441054,105043441054,2026,2026-12-01,Frontiers of Physics,20950462,,Article,,Southeast University,0,False,https://api.elsevier.com/content/abstract/scopus_id/105043441054,scopus,PENDING,NOT_STARTED,,11,110
Field-induced magnetic transitions and magneto-volume effects in Dy2Fe14B: A mean-field study,10.1016/j.jmmm.2026.174098,2-s2.0-105035706926,105035706926,2026,2026-07-15,Journal of Magnetism and Magnetic Materials,03048853,,Article,,Faculty of Science,0,False,https://api.elsevier.com/content/abstract/scopus_id/105035706926,scopus,PENDING,NOT_STARTED,,11,111
Magnetoimpedance of non-stoichiometric film V6O13 in the region of metal-insulator and magnetic transitions,10.1016/j.ssc.2026.116563,2-s2.0-105046888951,105046888951,2026,2026-10-01,Solid State Communications,00381098,,Article,,"Kirensky Institute of Physics, Siberian Branch, Russian Academy of Sciences",0,False,https://api.elsevier.com/content/abstract/scopus_id/105046888951,scopus,PENDING,NOT_STARTED,,11,112
Strain-induced magnetic transition and exchange competition in a metallic Cr2SbS monolayer with high Néel temperature,10.1039/d6cp01681b,2-s2.0-105042483768,105042483768,2026,2026-07-15,Physical Chemistry Chemical Physics,14639076,,Article,,Jilin Normal University,0,False,https://api.elsevier.com/content/abstract/scopus_id/105042483768,scopus,PENDING,NOT_STARTED,,11,113
"Structural, magnetic and dielectric properties evolution on Nd0.7Ba0.3Mn1-xTixO3 (x = 0.40, 0.50) perovskite manganites",10.1007/s10853-026-13358-8,2-s2.0-105046492912,105046492912,2026,2026-10-01,Journal of Materials Science,00222461,,Article,,Indian Institute of Technology (BHU) Varanasi; National Post Graduate College,0,False,https://api.elsevier.com/content/abstract/scopus_id/105046492912,scopus,PENDING,NOT_STARTED,,11,114
Training-free monitoring of SCF convergence using large language models: a case study of magnetic transition metal oxides with VASP,10.1016/j.commatsci.2026.114981,2-s2.0-105046554070,105046554070,2026,2026-09-05,Computational Materials Science,09270256,,Article,,Fudan University,0,False,https://api.elsevier.com/content/abstract/scopus_id/105046554070,scopus,PENDING,NOT_STARTED,,11,115
Contrasting Effects of Bi and Si Substitution at the Ni Site on Magnetostructural Transitions and Magnetocaloric Properties in Ni–Mn–In Heusler Alloys,10.3390/magnetism6020020,2-s2.0-105043034695,105043034695,2026,2026-06-01,Magnetism,,,Article,,Southern Illinois University Carbondale,2,True,https://api.elsevier.com/content/abstract/scopus_id/105043034695,scopus,PENDING,NOT_STARTED,,10,116
Cation-engineered Zn-Ti co-substituted BaM Hexaferrites with enhanced magnetic and Magnetocaloric performance,10.1016/j.mseb.2026.119227,2-s2.0-105031382381,105031382381,2026,2026-06-01,Materials Science and Engineering B,09215107,,Article,,Faculté des Sciences de Monastir,1,True,https://api.elsevier.com/content/abstract/scopus_id/105031382381,scopus,PENDING,NOT_STARTED,,10,117
Chemical ordering and non-linear magnetic behavior: enhancing magnetocaloric effect in FeMnNiGeSi high-entropy materials,10.1016/j.mtphys.2026.102128,2-s2.0-105039855591,105039855591,2026,2026-06-01,Materials Today Physics,,,Article,,Institut Jean Lamour,1,True,https://api.elsevier.com/content/abstract/scopus_id/105039855591,scopus,PENDING,NOT_STARTED,,10,118
Comparison of dielectric and piezoelectric properties of Sb- and Nb-doped Pb0.87Sr0.12La0.01(Zr0.54Ti0.44X0.02)O3 ceramics,10.1016/j.ceramint.2026.05.071,2-s2.0-105040731017,105040731017,2026,2026-07-01,Ceramics International,02728842,,Article,,Imam Khomeini International University,1,False,https://api.elsevier.com/content/abstract/scopus_id/105040731017,scopus,PENDING,NOT_STARTED,,10,119
Influence of rare earth diffusion in BaTiO3-based MLCCs sintered in a reducing atmosphere,10.1016/j.jeurceramsoc.2026.118269,2-s2.0-105031731595,105031731595,2026,2026-08-01,Journal of the European Ceramic Society,09552219,,Article,,Samsung Electro-Mechanics,1,False,https://api.elsevier.com/content/abstract/scopus_id/105031731595,scopus,PENDING,NOT_STARTED,,10,120
Molecular rotation and large polarization in charge-transfer ferroelectric cocrystals,10.1038/s41557-026-02168-9,2-s2.0-105040548656,105040548656,2026,2026-08-01,Nature Chemistry,17554330,,Article,,Nanjing University of Post and TeleCommunications,1,False,https://api.elsevier.com/content/abstract/scopus_id/105040548656,scopus,PENDING,NOT_STARTED,,10,121
Anomalous ferroelectricity of a novel composite based on an organic ferroelectric of diisopropylammonium iodide filled with copper microparticles: Experimental and theoretical approaches,10.1557/s43580-026-01589-5,2-s2.0-105031677898,105031677898,2026,2026-08-01,MRS Advances,27315894,,Article,,Industrial University of Ho Chi Minh City,0,False,https://api.elsevier.com/content/abstract/scopus_id/105031677898,scopus,PENDING,NOT_STARTED,,10,122
Bi-induced structural distortion and magnetic phase transition in Pr0.7−xBixCa0.3MnO3: insights into magnetocaloric performance,10.1039/d6ra04552a,2-s2.0-105044546981,105044546981,2026,2026-08-12,Rsc Advances,,,Article,,Université de Kairouan,0,True,https://api.elsevier.com/content/abstract/scopus_id/105044546981,scopus,PENDING,NOT_STARTED,,10,123
"Correlation of structural, dielectric and electrical properties of Ta-substituted Sr0.6Ba0.4Nb2(1−x)Ta2xO6 ceramics",10.1007/s11581-026-07249-w,2-s2.0-105042294154,105042294154,2026,2026-08-01,Ionics,09477047,,Article,,Gandhi Institute of Technology and Management (GITAM),0,False,https://api.elsevier.com/content/abstract/scopus_id/105042294154,scopus,PENDING,NOT_STARTED,,10,124
Decoupling-Gliding Ion Transport in Polymer Electrolytes via Ferroelectric Order-Structuring: Toward High-Voltage and High-Rate Solid-State Batteries,10.1002/adfm.76398,2-s2.0-105041104711,105041104711,2026,2026-07-02,Advanced Functional Materials,1616301X,,Article,,Powder Metallurgy Research Institute,0,False,https://api.elsevier.com/content/abstract/scopus_id/105041104711,scopus,PENDING,NOT_STARTED,,10,125
Dipolar field impact on the magnetocaloric effect of Gd nanoelements,10.1016/j.jmmm.2026.174443,2-s2.0-105045714232,105045714232,2026,2026-10-15,Journal of Magnetism and Magnetic Materials,03048853,,Article,,Universidade do Estado do Rio Grande do Norte,0,True,https://api.elsevier.com/content/abstract/scopus_id/105045714232,scopus,PENDING,NOT_STARTED,,10,126
Effect of Strain Induced by Varying Bottom Electrode Thicknesses on Ferroelectric Properties of Pt/Al0.7Sc0.3N/Pt Capacitors,10.1021/acsami.6c07798,2-s2.0-105047010893,105047010893,2026,2026-08-05,ACS Applied Materials and Interfaces,19448244,,Article,,Xidian University,0,False,https://api.elsevier.com/content/abstract/scopus_id/105047010893,scopus,PENDING,NOT_STARTED,,10,127
Emergence of long-range mean-field ferromagnetism and second-order magnetocaloric response in Ni-substituted MnCoGe,10.1088/1402-4896/ae8be9,2-s2.0-105046002795,105046002795,2026,2026-07-01,Physica Scripta,00318949,,Article,,Jiangsu University of Science and Technology,0,True,https://api.elsevier.com/content/abstract/scopus_id/105046002795,scopus,PENDING,NOT_STARTED,,10,128
Enhanced Magnetocaloric Effect in Tb-Co-Ni Magnets via Chemical Pressure,10.1002/rar2.70277,2-s2.0-105043711950,105043711950,2026,2026-07-01,Rare Metals,10010521,,Article,,"School of Materials Science and Engineering, Anhui University",0,True,https://api.elsevier.com/content/abstract/scopus_id/105043711950,scopus,PENDING,NOT_STARTED,,10,129
Geometric Pathway for Tuning Ferroelectric Properties via Polar State Reconfiguration,10.1103/8m3c-4dkr,2-s2.0-105045252378,105045252378,2026,2026-07-17,Physical Review Letters,00319007,,Article,,Tsinghua University; Beijing University of Posts and Telecommunications,0,False,https://api.elsevier.com/content/abstract/scopus_id/105045252378,scopus,PENDING,NOT_STARTED,,10,130
Holonomy-based Diagnostic of Strain Compatibility in Birefringence Imaging of Stress-induced Ferroelectric SrTiO3,10.7566/jpsj.95.063704,2-s2.0-105046204610,105046204610,2026,2026-06-15,Journal of the Physical Society of Japan,00319015,,Article,,Kagoshima University,0,False,https://api.elsevier.com/content/abstract/scopus_id/105046204610,scopus,PENDING,NOT_STARTED,,10,131
Low Temperature Growth of High-Quality Wurtzite Ferroelectric Through Quasi-van der Waals Epitaxy,10.1002/adma.74106,2-s2.0-105044548012,105044548012,2026,2026-08-21,Advanced Materials,09359648,,Article,,Tsinghua University,0,False,https://api.elsevier.com/content/abstract/scopus_id/105044548012,scopus,PENDING,NOT_STARTED,,10,132
Magnetocaloric effect of GdTbDyErPr rare-earth high-entropy alloy,10.55713/jmmm.v36i3.2636,2-s2.0-105044675819,105044675819,2026,2026-06-08,Journal of Metals Materials and Minerals,08576149,,Article,,Inner Mongolia University of Science and Technology; Ltd.,0,True,https://api.elsevier.com/content/abstract/scopus_id/105044675819,scopus,PENDING,NOT_STARTED,,10,133
"Multifunctional properties of Mn-doped InP: Unveiling ferroelectric, ferromagnetic, and magnetoelectric behaviors",10.1016/j.solidstatesciences.2026.108330,2-s2.0-105037061000,105037061000,2026,2026-07-01,Solid State Sciences,12932558,,Article,,Korea University,0,False,https://api.elsevier.com/content/abstract/scopus_id/105037061000,scopus,PENDING,NOT_STARTED,,10,134
Numerical modeling of magnetocaloric gadolinium particle flow: Magnetization nonlinearity governs net magnetocaloric heat,10.1016/j.icheatmasstransfer.2026.111731,2-s2.0-105041073045,105041073045,2026,2026-09-01,International Communications in Heat and Mass Transfer,07351933,,Article,,Nagoya University,0,True,https://api.elsevier.com/content/abstract/scopus_id/105041073045,scopus,PENDING,NOT_STARTED,,10,135
On the magnetocaloric effect in biphasic FeCrSiB amorphous composites,10.1039/d6ma00481d,2-s2.0-105041443291,105041443291,2026,2026-07-06,Materials Advances,,,Article,,Universidad de Oviedo; Institut Laue-Langevin,0,True,https://api.elsevier.com/content/abstract/scopus_id/105041443291,scopus,PENDING,NOT_STARTED,,10,136
Plasmon Damping Induced by Ferroelectric Phase Transition in a Single Plasmonic Nanocavity,10.1021/acsphotonics.6c00686,2-s2.0-105042124031,105042124031,2026,2026-06-17,ACS Photonics,,,Article,,Soochow University,0,False,https://api.elsevier.com/content/abstract/scopus_id/105042124031,scopus,PENDING,NOT_STARTED,,10,137
Stereoactive 5s2 lone pair-driven structural distortion and dielectric modulation in Sn-substituted SrBi2Nb2O9 ceramics,10.1016/j.mseb.2026.119695,2-s2.0-105044557185,105044557185,2026,2026-11-01,Materials Science and Engineering B,09215107,,Article,,Universitas Andalas,0,False,https://api.elsevier.com/content/abstract/scopus_id/105044557185,scopus,PENDING,NOT_STARTED,,10,138
Suppression of inverse magnetocaloric contribution and enhancement of conventional entropy change in MgAl2O4/TbFeCo heterostructure thin films,10.1088/1402-4896/ae9101,2-s2.0-105046725700,105046725700,2026,2026-08-01,Physica Scripta,00318949,,Article,,East China University of Technology,0,True,https://api.elsevier.com/content/abstract/scopus_id/105046725700,scopus,PENDING,NOT_STARTED,,10,139
Synergistic improvement of magnetocaloric properties in a critical-state high-entropy metallic glass,10.1016/j.jmrt.2026.08.165,2-s2.0-105047840289,105047840289,2026,2026-09-01,Journal of Materials Research and Technology,22387854,,Article,,Hohai University Changzhou,0,True,https://api.elsevier.com/content/abstract/scopus_id/105047840289,scopus,PENDING,NOT_STARTED,,10,140
Tuning martensitic transformation and enhancing magnetocaloric effect in Ni47Mn40Sn13-xWx Heusler alloy via experiments and first-principle insights,10.1016/j.jallcom.2026.189800,2-s2.0-105044407861,105044407861,2026,2026-07-25,Journal of Alloys and Compounds,09258388,,Article,,LUT University,0,True,https://api.elsevier.com/content/abstract/scopus_id/105044407861,scopus,PENDING,NOT_STARTED,,10,141
Understanding the dielectric and piezoelectric properties of BF-PT-BT ceramics prepared on different sintering beds,10.1016/j.jeurceramsoc.2026.118379,2-s2.0-105035674843,105035674843,2026,2026-09-01,Journal of the European Ceramic Society,09552219,,Article,,Shanghai University; State Key Laboratory of Advanced Special Steel,0,False,https://api.elsevier.com/content/abstract/scopus_id/105035674843,scopus,PENDING,NOT_STARTED,,10,142
"Computational investigation of perovskites RbABr3 (A = Cr, Mo) for next-generation spintronics using DFT and Monte Carlo simulation techniques",10.1016/j.jpcs.2026.113734,2-s2.0-105035240177,105035240177,2026,2026-08-01,Journal of Physics and Chemistry of Solids,00223697,,Article,,Université Sultan Moulay Slimane,5,False,https://api.elsevier.com/content/abstract/scopus_id/105035240177,scopus,PENDING,NOT_STARTED,,9,143
Investigation of above room temperature ferromagnetism and thermoelectric characteristics of double perovskites Sr2(Fe/Co)MoO6 for spintronic applications,10.1016/j.physb.2026.418737,2-s2.0-105037848613,105037848613,2026,2026-09-01,Physica B Condensed Matter,09214526,,Article,,University of Education,1,False,https://api.elsevier.com/content/abstract/scopus_id/105037848613,scopus,PENDING,NOT_STARTED,,9,144
"Unveiling the structural stability and multifunctional properties of Rb2LiMF6 (M = Sc, Ti, V, Co, Ni) double perovskites for spintronics",10.1016/j.micrna.2026.208687,2-s2.0-105035067268,105035067268,2026,2026-07-01,Micro and Nanostructures,27730131,,Article,,Université Ibn Zohr,1,False,https://api.elsevier.com/content/abstract/scopus_id/105035067268,scopus,PENDING,NOT_STARTED,,9,145
3D integration of van der Waals high-κ dielectrics and semiconductors for low-power CFETs,10.26599/nr.2025.94908307,2-s2.0-105043216018,105043216018,2026,2026-07-01,Nano Research,19980124,,Article,,Wuhan University,0,True,https://api.elsevier.com/content/abstract/scopus_id/105043216018,scopus,PENDING,NOT_STARTED,,9,146
"Comparative effects of A-site ionic radius and disorder on structure, magnetism, and transport in perovskite La0.8Sr0.1A0.1MnO3 (A=Ca, Sr, Ba)",10.1007/s10854-026-18036-8,2-s2.0-105044800681,105044800681,2026,2026-07-01,Journal of Materials Science Materials in Electronics,09574522,,Article,,Nanjing University of Aeronautics and Astronautics,0,False,https://api.elsevier.com/content/abstract/scopus_id/105044800681,scopus,PENDING,NOT_STARTED,,9,147
Effect of La and Ti substitution on magnetic properties and dielectric constant of barium ferrite prepared by ball-milling,10.1088/1361-648x/ae7ad5,2-s2.0-105042453028,105042453028,2026,2026-06-26,Journal of Physics Condensed Matter,09538984,,Article,,Universidad de Guadalajara,0,True,https://api.elsevier.com/content/abstract/scopus_id/105042453028,scopus,PENDING,NOT_STARTED,,9,148
Electric-Field Control of Magnetic Excitations in a Hybrid Perovskite Metal–Organic Framework Revealed by Electron Spin Resonance,10.1021/acs.jpcc.6c01957,2-s2.0-105042197258,105042197258,2026,2026-06-18,Journal of Physical Chemistry C,19327447,,Article,,University of Chinese Academy of Sciences; Institute of Physics Chinese Academy of Sciences,0,False,https://api.elsevier.com/content/abstract/scopus_id/105042197258,scopus,PENDING,NOT_STARTED,,9,149
"Exploration of half-metallic character using comparative approximation approaches and determination of thermoelectric properties of double perovskite oxides A2YTiO6 (A = K, Rb, Cs): A DFT study",10.1016/j.calphad.2026.102967,2-s2.0-105042608474,105042608474,2026,2026-09-01,Calphad Computer Coupling of Phase Diagrams and Thermochemistry,03645916,,Article,,The Islamia University of Bahawalpur,0,False,https://api.elsevier.com/content/abstract/scopus_id/105042608474,scopus,PENDING,NOT_STARTED,,9,150
Half-metallic Ferromagnetism and Giant Magnetic Anisotropy in Vacancy-ordered Double Perovskite Rb2WBr6,10.1007/s10948-026-07231-7,2-s2.0-105047163392,105047163392,2026,2026-08-01,Journal of Superconductivity and Novel Magnetism,15571939,,Article,,Hubei University of Automotive Technology,0,False,https://api.elsevier.com/content/abstract/scopus_id/105047163392,scopus,PENDING,NOT_STARTED,,9,151
Magneto-optical properties of multi-element A-site co-doped La0.57Nd0.1Sr0.18Ag0.15CrO3 perovskite for advanced optoelectronic technologies,10.1016/j.ceramint.2026.04.134,2-s2.0-105035467332,105035467332,2026,2026-06-01,Ceramics International,02728842,,Article,,Université de Kairouan,0,False,https://api.elsevier.com/content/abstract/scopus_id/105035467332,scopus,PENDING,NOT_STARTED,,9,152
"Multifunctional properties of Rb₂LiMCl₆ (M = Sc, Ti, V, Co, Ni) halide double perovskites: A first-principles study toward spintronic and optoelectronic applications",10.1016/j.jmmm.2026.174233,2-s2.0-105039829924,105039829924,2026,2026-09-15,Journal of Magnetism and Magnetic Materials,03048853,,Article,,Université Ibn Zohr,0,False,https://api.elsevier.com/content/abstract/scopus_id/105039829924,scopus,PENDING,NOT_STARTED,,9,153
Near-Room-Temperature Antiferromagnetic Ordering in the Quadruple-Perovskite Sr4NaRu3O12,10.1021/acs.inorgchem.6c02554,2-s2.0-105047545387,105047545387,2026,2026-08-17,Inorganic Chemistry,00201669,,Article,,Indian Institute of Science Education and Research Berhampur,0,False,https://api.elsevier.com/content/abstract/scopus_id/105047545387,scopus,PENDING,NOT_STARTED,,9,154
"Structural, magnetic, magnetocaloric and dielectric properties of Ni-doped Sr2Mg2Fe12O22 Y-type hexaferrites",10.1016/j.matchemphys.2026.132637,2-s2.0-105042348857,105042348857,2026,2026-09-01,Materials Chemistry and Physics,02540584,,Article,,Faculté des Sciences de Monastir,0,False,https://api.elsevier.com/content/abstract/scopus_id/105042348857,scopus,PENDING,NOT_STARTED,,9,155
The origin of room-temperature magnetodielectricity and weak spontaneous polarization in pure and doped La(Formula presented) (Formula presented)FeCrO(Formula presented) (Formula presented),10.1088/1402-4896/ae8340,2-s2.0-105044285043,105044285043,2026,2026-07-01,Physica Scripta,00318949,,Article,,Indian Institute of Science,0,True,https://api.elsevier.com/content/abstract/scopus_id/105044285043,scopus,PENDING,NOT_STARTED,,9,156
"Versatile properties of vacancy-ordered double perovskites Cs2MF6 (M=Cr,Mo) for efficient spintronic applications: DFT and Monte Carlo study",10.1016/j.physb.2026.419116,2-s2.0-105046068982,105046068982,2026,2026-11-01,Physica B Condensed Matter,09214526,,Article,,Université Ibn Zohr,0,False,https://api.elsevier.com/content/abstract/scopus_id/105046068982,scopus,PENDING,NOT_STARTED,,9,157
"Grain size effect-induced evolution of relaxor state, domain structure, and polarization in Bi0.5Na0.5TiO3-based ceramics",10.1016/j.jeurceramsoc.2025.118103,2-s2.0-105025480592,105025480592,2026,2026-07-01,Journal of the European Ceramic Society,09552219,,Article,,Fuzhou University,6,False,https://api.elsevier.com/content/abstract/scopus_id/105025480592,scopus,PENDING,NOT_STARTED,,8,158
Achieving ultrahigh transduction coefficient in PZN-PLZT ternary piezoelectric ceramics via phase boundary engineering for energy harvesting applications,10.1016/j.jeurceramsoc.2026.118335,2-s2.0-105033582676,105033582676,2026,2026-09-01,Journal of the European Ceramic Society,09552219,,Article,,Chengdu University,2,False,https://api.elsevier.com/content/abstract/scopus_id/105033582676,scopus,PENDING,NOT_STARTED,,8,159
Modulating polymorphic phase boundaries and defect chemistry in KNN-based piezoceramics through multi-element doping strategies,10.1039/d5tc04332h,2-s2.0-105037166473,105037166473,2026,2026-06-18,Journal of Materials Chemistry C,20507526,,Article,,Bangladesh University of Engineering and Technology,2,False,https://api.elsevier.com/content/abstract/scopus_id/105037166473,scopus,PENDING,NOT_STARTED,,8,160
PIN-PZ-PT ceramics with ultra-stable high piezoelectric properties up to 300 °C for high-temperature ultrasonic transducers,10.1016/j.jmst.2026.02.011,2-s2.0-105031773172,105031773172,2026,2026-11-10,Journal of Materials Science and Technology,10050302,,Article,,Nanjing University,2,False,https://api.elsevier.com/content/abstract/scopus_id/105031773172,scopus,PENDING,NOT_STARTED,,8,161
Achieving enhanced comprehensive electrical properties in CaBi2Nb2O9-based high-temperature piezoelectric ceramics via A/B-site co-doping,10.1557/s43578-026-01902-w,2-s2.0-105041575466,105041575466,2026,2026-07-30,Journal of Materials Research,08842914,,Article,,College of Materials Science and Engineering,1,False,https://api.elsevier.com/content/abstract/scopus_id/105041575466,scopus,PENDING,NOT_STARTED,,8,162
Local structural engineering for simultaneous enhancement of piezoelectricity and temperature stability in BiScO3-PbTiO3 piezoceramics,10.1016/j.jmst.2025.11.060,2-s2.0-105027253255,105027253255,2026,2026-10-10,Journal of Materials Science and Technology,10050302,,Article,,"University of Chinese Academy of Sciences; Shanghai Institute of Ceramics, Chinese Academy of Sciences",1,False,https://api.elsevier.com/content/abstract/scopus_id/105027253255,scopus,PENDING,NOT_STARTED,,8,163
Phase structure and high−temperature piezoelectric properties of Bi(Mg1/2Ti1/2)O3−modified BF−BT ceramics,10.1016/j.ceramint.2026.04.253,2-s2.0-105036253674,105036253674,2026,2026-06-01,Ceramics International,02728842,,Article,,Tongren University,1,False,https://api.elsevier.com/content/abstract/scopus_id/105036253674,scopus,PENDING,NOT_STARTED,,8,164
Reliable piezoelectric vibrating properties of high-power PZT-PMN ceramics achieved through hot-pressing sintering,10.1016/j.jeurceramsoc.2025.118110,2-s2.0-105025646536,105025646536,2026,2026-07-01,Journal of the European Ceramic Society,09552219,,Article,,Nanjing University of Science and Technology,1,False,https://api.elsevier.com/content/abstract/scopus_id/105025646536,scopus,PENDING,NOT_STARTED,,8,165
Sustainable high-temperature piezoelectrics: Synergistic enhancement of CaBi4Ti4O15 ceramics via manganese doping and microwave sintering,10.1557/s43578-026-01898-3,2-s2.0-105042623795,105042623795,2026,2026-07-30,Journal of Materials Research,08842914,,Article,,State Key Laboratory of Crystal Materials,1,False,https://api.elsevier.com/content/abstract/scopus_id/105042623795,scopus,PENDING,NOT_STARTED,,8,166
Achieving high piezoelectric coefficient in CaBi2Nb2O9-based ceramics through A-site high-entropy strategy,10.1016/j.jpcs.2026.113802,2-s2.0-105037946475,105037946475,2026,2026-10-01,Journal of Physics and Chemistry of Solids,00223697,,Article,,"University of Science and Technology of China; Institute of Solid State Physics, Chinese Academy of Sciences",0,False,https://api.elsevier.com/content/abstract/scopus_id/105037946475,scopus,PENDING,NOT_STARTED,,8,167
Acoustic Emission Sensor Based on Diameter-to-Thickness Ratio Control of Lead-Free Piezoelectric Ceramics,10.1002/pssa.70398,2-s2.0-105040160216,105040160216,2026,2026-06-10,Physica Status Solidi A Applications and Materials Science,18626300,,Article,,Pusan National University; Korea Electrotechnology Research Institute,0,False,https://api.elsevier.com/content/abstract/scopus_id/105040160216,scopus,PENDING,NOT_STARTED,,8,168
Boosting piezoelectricity and resistivity of Bi4Ti3O12-based high-temperature ceramics using (Zn1/2W1/2)4+ ion-pair co-doping,10.1016/j.jallcom.2026.190597,2-s2.0-105047890916,105047890916,2026,2026-09-25,Journal of Alloys and Compounds,09258388,,Article,,North China University of Science and Technology,0,False,https://api.elsevier.com/content/abstract/scopus_id/105047890916,scopus,PENDING,NOT_STARTED,,8,169
Clarifying Excellent Piezoelectricity and Conduction Mechanism of Aurivillius Na0.25K0.25Bi2.5Nb2O9-based Piezoceramics,10.1111/jace.70986,2-s2.0-105043701687,105043701687,2026,2026-07-01,Journal of the American Ceramic Society,00027820,,Article,,Anhui Polytechnic University,0,False,https://api.elsevier.com/content/abstract/scopus_id/105043701687,scopus,PENDING,NOT_STARTED,,8,170
Comprehensive piezoelectric performance enhancement in Bi3TiNbO9-based piezoceramics for high-temperature applications,10.1016/j.mtchem.2026.103834,2-s2.0-105043732339,105043732339,2026,2026-07-01,Materials Today Chemistry,,,Article,,Hangzhou Dianzi University,0,False,https://api.elsevier.com/content/abstract/scopus_id/105043732339,scopus,PENDING,NOT_STARTED,,8,171
Concurrently good piezoelectricity and thermal stability by control of multiple phase boundaries in KNN ceramics,10.1016/j.ceramint.2026.06.152,2-s2.0-105041964817,105041964817,2026,2026-08-01,Ceramics International,02728842,,Article,,Xinjiang Agricultural University,0,False,https://api.elsevier.com/content/abstract/scopus_id/105041964817,scopus,PENDING,NOT_STARTED,,8,172
Defect-dipole-induced piezoelectric enhancement in Nb/Co-doped bismuth-layer-structured ceramics for ultrasonic applications,10.1016/j.jallcom.2026.190438,2-s2.0-105047654118,105047654118,2026,2026-09-25,Journal of Alloys and Compounds,09258388,,Article,,Wenhua College,0,False,https://api.elsevier.com/content/abstract/scopus_id/105047654118,scopus,PENDING,NOT_STARTED,,8,173
Effect of (Bi0.5Yb0.5)0.95Ag0.05ZrO3 doping of KNNT-based lead-free piezoelectric ceramics on their electrical properties and structure,10.1007/s41779-025-01295-9,2-s2.0-105019944405,105019944405,2026,2026-07-01,Journal of the Australian Ceramic Society,25101560,,Article,,Hefei University,0,False,https://api.elsevier.com/content/abstract/scopus_id/105019944405,scopus,PENDING,NOT_STARTED,,8,174
Effect of sintering strategies on the structural and electrical properties of Sb-doped K0.5Na0.5NbO3 lead-free ceramics for energy harvesting,10.1007/s00339-026-09828-0,2-s2.0-105042244671,105042244671,2026,2026-07-01,Applied Physics A Materials Science and Processing,09478396,,Article,,Jawaharlal Nehru Technological University Anantapur,0,False,https://api.elsevier.com/content/abstract/scopus_id/105042244671,scopus,PENDING,NOT_STARTED,,8,175
Effects of Ca–Fe co-doping on the structure and physical properties of GdMnO3 ceramics,10.1007/s10854-026-18048-4,2-s2.0-105045151475,105045151475,2026,2026-07-01,Journal of Materials Science Materials in Electronics,09574522,,Article,,Zhengzhou University of Light Industry,0,False,https://api.elsevier.com/content/abstract/scopus_id/105045151475,scopus,PENDING,NOT_STARTED,,8,176
Hierarchical domain engineered BF-PT based piezoelectric ceramics with large piezoelectricity over broad temperature range,10.1016/j.actamat.2026.122311,2-s2.0-105039748353,105039748353,2026,2026-08-01,Acta Materialia,13596454,,Article,,Hefei University of Technology,0,False,https://api.elsevier.com/content/abstract/scopus_id/105039748353,scopus,PENDING,NOT_STARTED,,8,177
High electrostrain and low hysteresis enabled by domain engineering and defect strategy in BF-BT-based lead-free piezoceramics,10.1016/j.mtphys.2026.102188,2-s2.0-105046719832,105046719832,2026,2026-09-01,Materials Today Physics,,,Article,,Guizhou University,0,False,https://api.elsevier.com/content/abstract/scopus_id/105046719832,scopus,PENDING,NOT_STARTED,,8,178
"High Piezoelectric and Mechanical Properties for (K,Na)NbO3-Based Textured Piezoceramics",10.1021/acsaelm.6c00735,2-s2.0-105041266136,105041266136,2026,2026-06-09,ACS Applied Electronic Materials,,,Article,,University of Science and Technology Beijing,0,False,https://api.elsevier.com/content/abstract/scopus_id/105041266136,scopus,PENDING,NOT_STARTED,,8,179
High Piezoelectricity and Thermal Stability in BiScO3–PbTiO3–Pb(Sn1/3Nb2/3)O3 Ceramics via Defect Engineering,10.1111/jace.71046,2-s2.0-105045824721,105045824721,2026,2026-08-01,Journal of the American Ceramic Society,00027820,,Article,,Southwest University,0,False,https://api.elsevier.com/content/abstract/scopus_id/105045824721,scopus,PENDING,NOT_STARTED,,8,180
High-Performance Textured Bismuth Layer Structured Piezoceramics with Template-Induced Orientation,10.1021/acsami.6c07262,2-s2.0-105043528967,105043528967,2026,2026-07-01,ACS Applied Materials and Interfaces,19448244,,Article,,"University of Chinese Academy of Sciences; Shanghai Institute of Ceramics, Chinese Academy of Sciences",0,False,https://api.elsevier.com/content/abstract/scopus_id/105043528967,scopus,PENDING,NOT_STARTED,,8,181
Mn3+ Doping and Microgravity Effects on the Structure and Properties of NMO-LSFMO Ceramics,10.1111/jace.70982,2-s2.0-105044082162,105044082162,2026,2026-07-01,Journal of the American Ceramic Society,00027820,,Article,,"University of Shanghai for Science and Technology; Shanghai Institute of Ceramics, Chinese Academy of Sciences",0,False,https://api.elsevier.com/content/abstract/scopus_id/105044082162,scopus,PENDING,NOT_STARTED,,8,182
Morphotropic phase boundary engineering achieves robust piezoelectricity and operational stability at elevated temperatures in PZN-PZT ceramics,10.1016/j.jeurceramsoc.2026.118700,2-s2.0-105045099812,105045099812,2026,2026-12-01,Journal of the European Ceramic Society,09552219,,Article,,"Faculty of Electronic and Information Engineering, Xi'an Jiaotong University",0,False,https://api.elsevier.com/content/abstract/scopus_id/105045099812,scopus,PENDING,NOT_STARTED,,8,183
Overcoming the performance ceiling of textured piezoelectric ceramics,10.1126/science.aei0475,2-s2.0-105047317513,105047317513,2026,2026-08-13,Science,00368075,,Article,,"Faculty of Electronic and Information Engineering, Xi'an Jiaotong University",0,False,https://api.elsevier.com/content/abstract/scopus_id/105047317513,scopus,PENDING,NOT_STARTED,,8,184
"Performance enhancement and structural defect chemistry regulation of Bi3TiNbO9 high-temperature piezoelectric ceramics by (W, Mn) co-doping",10.1016/j.ceramint.2026.06.309,2-s2.0-105042591266,105042591266,2026,2026-09-01,Ceramics International,02728842,,Article,,State Key Laboratory of Solidification Processing,0,False,https://api.elsevier.com/content/abstract/scopus_id/105042591266,scopus,PENDING,NOT_STARTED,,8,185
Role of B-site chemistry in governing distinct high-power performance and thermal stability of PYN-PZT piezoceramics,10.1016/j.jallcom.2026.190444,2-s2.0-105047330640,105047330640,2026,2026-09-25,Journal of Alloys and Compounds,09258388,,Article,,"Faculty of Electronic and Information Engineering, Xi'an Jiaotong University",0,False,https://api.elsevier.com/content/abstract/scopus_id/105047330640,scopus,PENDING,NOT_STARTED,,8,186
Structure and Electrical Properties of Sr1–xNaxNb5O15 Solid Solution Ceramic Systems,10.14062/j.issn.0454-5648.20250708,2-s2.0-105044208875,105044208875,2026,2026-06-01,Kuei Suan Jen Hsueh Pao Journal of the Chinese Ceramic Society,04545648,,Article,,Xianyang Normal University,0,False,https://api.elsevier.com/content/abstract/scopus_id/105044208875,scopus,PENDING,NOT_STARTED,,8,187
"Structure and high piezoelectric properties of (Bi,La)FeO3 -Ba(Zr,Ti)O3-PbTiO3 ternary ceramics",10.1016/j.ceramint.2026.05.346,2-s2.0-105041317099,105041317099,2026,2026-07-01,Ceramics International,02728842,,Article,,Jingdezhen Ceramic University,0,False,https://api.elsevier.com/content/abstract/scopus_id/105041317099,scopus,PENDING,NOT_STARTED,,8,188
Synergistic defect and domain engineering for high piezoelectric response in Na0.5Bi4.5Ti4O15-based ceramics,10.1016/j.actamat.2026.122367,2-s2.0-105040782929,105040782929,2026,2026-08-15,Acta Materialia,13596454,,Article,,Nanjing University of Science and Technology,0,False,https://api.elsevier.com/content/abstract/scopus_id/105040782929,scopus,PENDING,NOT_STARTED,,8,189
Synergistic enhancement of electrical properties and thermal stability in CaBi2Nb2O9 piezoceramic through A-site doping and grain refinement engineering,10.1016/j.ceramint.2026.06.083,2-s2.0-105041118735,105041118735,2026,2026-08-01,Ceramics International,02728842,,Article,,Nanjing University,0,False,https://api.elsevier.com/content/abstract/scopus_id/105041118735,scopus,PENDING,NOT_STARTED,,8,190
Tailored phase boundaries in KNN–barium stannate-based ceramics for high piezoelectric output and extreme condition energy harvesting,10.1007/s10854-026-18017-x,2-s2.0-105045344907,105045344907,2026,2026-07-01,Journal of Materials Science Materials in Electronics,09574522,,Article,,University of Delhi,0,False,https://api.elsevier.com/content/abstract/scopus_id/105045344907,scopus,PENDING,NOT_STARTED,,8,191
Ultralow-temperature sintering of textured PSSN-PMN-PZT ceramics with CuO addition: Simultaneous high Tc and superior piezoelectricity,10.1016/j.jeurceramsoc.2026.118352,2-s2.0-105034371036,105034371036,2026,2026-09-01,Journal of the European Ceramic Society,09552219,,Article,,Xi'an Technological University,0,False,https://api.elsevier.com/content/abstract/scopus_id/105034371036,scopus,PENDING,NOT_STARTED,,8,192
xBSG-PT piezoelectric ceramics with large transduction coefficient for energy harvesters,10.1016/j.ceramint.2026.05.365,2-s2.0-105041908796,105041908796,2026,2026-08-01,Ceramics International,02728842,,Article,,Shanghai University,0,False,https://api.elsevier.com/content/abstract/scopus_id/105041908796,scopus,PENDING,NOT_STARTED,,8,193
Dual-functional Cr3+-doped InP quantum dots with pure blue emission and room-temperature ferromagnetism,10.1016/j.apmate.2026.100393,2-s2.0-105027734065,105027734065,2026,2026-08-01,Advanced Powder Materials,,,Article,,Fudan University,11,True,https://api.elsevier.com/content/abstract/scopus_id/105027734065,scopus,PENDING,NOT_STARTED,,7,194
Nature of 2D XY antiferromagnetism in a van der Waals monolayer,10.1038/s41467-025-66672-1,2-s2.0-105026462797,105026462797,2026,2026-12-01,Nature Communications,,,Article,,Université de Genève,8,True,https://api.elsevier.com/content/abstract/scopus_id/105026462797,scopus,PENDING,NOT_STARTED,,7,195
Self-buffered epitaxy of barium titanate on oxide insulators enables high-performance electro-optic modulators,10.1038/s41377-025-02081-9,2-s2.0-105026444775,105026444775,2026,2026-12-01,Light Science and Applications,20955545,,Article,,Tsinghua University,5,True,https://api.elsevier.com/content/abstract/scopus_id/105026444775,scopus,PENDING,NOT_STARTED,,7,196
Doping-induced magnetic phase transition enables all-electrical spin control in CrSBr,10.1038/s41467-025-67561-3,2-s2.0-105028426031,105028426031,2026,2026-12-01,Nature Communications,,,Article,,Fudan University,4,True,https://api.elsevier.com/content/abstract/scopus_id/105028426031,scopus,PENDING,NOT_STARTED,,7,197
"Characterization of the microstructural, magnetic, and thermal properties of Fe–45Ni fabricated by laser powder bed fusion",10.1038/s41598-026-37507-w,2-s2.0-105031828713,105031828713,2026,2026-12-01,Scientific Reports,,,Article,,Inha University; Korea Institute of Industrial Technology,2,True,https://api.elsevier.com/content/abstract/scopus_id/105031828713,scopus,PENDING,NOT_STARTED,,7,198
Fine-tuning of indium content on phase transition coupling and magnetocaloric response in Ni-Mn-in alloys,10.1016/j.jmmm.2026.174168,2-s2.0-105037453287,105037453287,2026,2026-08-01,Journal of Magnetism and Magnetic Materials,03048853,,Article,,Yanbian University,2,False,https://api.elsevier.com/content/abstract/scopus_id/105037453287,scopus,PENDING,NOT_STARTED,,7,199
Harnessing multi-channel entropy in high-entropy alloys for Magnetocaloric design,10.1016/j.physleta.2026.131685,2-s2.0-105035539350,105035539350,2026,2026-07-28,Physics Letters Section A General Atomic and Solid State Physics,03759601,,Article,,Jiangsu University of Science and Technology,2,False,https://api.elsevier.com/content/abstract/scopus_id/105035539350,scopus,PENDING,NOT_STARTED,,7,200
